{
    "total_size": 1330.6409196853638,
    "total_words": 164572408,
    "releases": {
        "Rel-17": {
            "total_size": 736.6117486953735,
            "total_words": 90746969,
            "versions": {
                "48_series": {
                    "size_mb": 3.0730342864990234,
                    "words": 406583
                },
                "36_series": {
                    "size_mb": 106.69988632202148,
                    "words": 13190728
                },
                "52_series": {
                    "size_mb": 0.7473058700561523,
                    "words": 86726
                },
                "23_series": {
                    "size_mb": 52.020063400268555,
                    "words": 7593871
                },
                "51_series": {
                    "size_mb": 5.970335960388184,
                    "words": 737356
                },
                "31_series": {
                    "size_mb": 10.264702796936035,
                    "words": 1264386
                },
                "27_series": {
                    "size_mb": 2.3389158248901367,
                    "words": 301286
                },
                "42_series": {
                    "size_mb": 0.1787433624267578,
                    "words": 24605
                },
                "43_series": {
                    "size_mb": 4.237317085266113,
                    "words": 583784
                },
                "55_series": {
                    "size_mb": 0.1751394271850586,
                    "words": 19179
                },
                "32_series": {
                    "size_mb": 19.79398536682129,
                    "words": 2320808
                },
                "25_series": {
                    "size_mb": 55.606143951416016,
                    "words": 6738893
                },
                "45_series": {
                    "size_mb": 8.153274536132812,
                    "words": 1094542
                },
                "21_series": {
                    "size_mb": 1.2752952575683594,
                    "words": 177149
                },
                "34_series": {
                    "size_mb": 7.24855899810791,
                    "words": 884267
                },
                "29_series": {
                    "size_mb": 80.57729434967041,
                    "words": 9643391
                },
                "33_series": {
                    "size_mb": 13.34427547454834,
                    "words": 1892524
                },
                "26_series": {
                    "size_mb": 27.631983757019043,
                    "words": 3438014
                },
                "46_series": {
                    "size_mb": 1.286952018737793,
                    "words": 172231
                },
                "35_series": {
                    "size_mb": 0.6766510009765625,
                    "words": 95303
                },
                "24_series": {
                    "size_mb": 61.10745143890381,
                    "words": 8381918
                },
                "44_series": {
                    "size_mb": 10.164216995239258,
                    "words": 1218100
                },
                "28_series": {
                    "size_mb": 14.689733505249023,
                    "words": 1632769
                },
                "38_series": {
                    "size_mb": 195.10563468933105,
                    "words": 22464702
                },
                "37_series": {
                    "size_mb": 43.357295989990234,
                    "words": 4974332
                },
                "22_series": {
                    "size_mb": 10.573594093322754,
                    "words": 1369865
                },
                "49_series": {
                    "size_mb": 0.28652000427246094,
                    "words": 36546
                },
                "41_series": {
                    "size_mb": 0.02744293212890625,
                    "words": 3111
                }
            }
        },
        "Rel-18": {
            "total_size": 594.0291709899902,
            "total_words": 73825439,
            "versions": {
                "36_series": {
                    "size_mb": 221.111328125,
                    "words": 26949425
                },
                "23_series": {
                    "size_mb": 43.62823486328125,
                    "words": 6424871
                },
                "31_series": {
                    "size_mb": 2.4828109741210938,
                    "words": 297306
                },
                "27_series": {
                    "size_mb": 1.6533355712890625,
                    "words": 210925
                },
                "32_series": {
                    "size_mb": 6.079235076904297,
                    "words": 728758
                },
                "21_series": {
                    "size_mb": 0.18146038055419922,
                    "words": 23318
                },
                "29_series": {
                    "size_mb": 69.1710844039917,
                    "words": 8177681
                },
                "33_series": {
                    "size_mb": 8.183466911315918,
                    "words": 1151137
                },
                "26_series": {
                    "size_mb": 6.773954391479492,
                    "words": 859850
                },
                "24_series": {
                    "size_mb": 52.26018810272217,
                    "words": 7250423
                },
                "28_series": {
                    "size_mb": 9.692757606506348,
                    "words": 1150366
                },
                "38_series": {
                    "size_mb": 157.68896579742432,
                    "words": 18715246
                },
                "37_series": {
                    "size_mb": 8.952370643615723,
                    "words": 1108383
                },
                "22_series": {
                    "size_mb": 6.169978141784668,
                    "words": 777750
                }
            }
        }
    }
}